{"version":1,"activities":[{"id":0,"name":"com.testdroid.cloud.test.MainTestActivity"}],"actions":[{"id":0,"fromId":null,"toId":0,"description":"Change activity to: MainTestActivity","duration":8,"class":"com.example.android.apis.test.Test","method":"testRecorded","errorMessage":"","screenshots":[],"type":"navigation"},{"id":1,"fromId":0,"toId":0,"description":"Sleep: 1000","duration":1004,"class":"com.example.android.apis.test.Test","method":"testRecorded","errorMessage":"","screenshots":[],"type":"util"},{"id":2,"fromId":0,"toId":0,"description":"Wait for Button with id: com.testdroid.cloud.test.R.id.chk_clock_button","duration":511,"class":"com.example.android.apis.test.Test","method":"testRecorded","errorMessage":"","screenshots":[],"type":"wait"},{"id":3,"fromId":0,"toId":0,"description":"Find view by id: \"com.testdroid.cloud.test.R.id.chk_clock_button\"","duration":4,"class":"com.example.android.apis.test.Test","method":"testRecorded","errorMessage":"","screenshots":[],"type":"util"},{"id":4,"fromId":0,"toId":0,"description":"Click on Button with id: chk_clock_button","duration":624,"class":"com.example.android.apis.test.Test","method":"testRecorded","errorMessage":"","screenshots":[],"type":"click"},{"id":5,"fromId":0,"toId":0,"description":"Sleep: 1000","duration":1067,"class":"com.example.android.apis.test.Test","method":"testRecorded","errorMessage":"","screenshots":[{"id":0,"name":"com.example.android.apis.test.Test.testRecorded_scr_1.png","type":"portrait","timestamp":1551908252995,"fail":false}],"type":"util"},{"id":6,"fromId":0,"toId":0,"description":"Sleep: 500","duration":506,"class":"com.example.android.apis.test.Test","method":"testRecorded","errorMessage":"","screenshots":[],"type":"util"}]}