{"console.log":{"launchAppName":null,"tags":["logs"]},"logcat.log":{"launchAppName":null,"tags":["logs"]},"metadata.json":{"launchAppName":null,"tags":["admin","metadata"]},"testdroid-console.log":{"launchAppName":null,"tags":["logs","system","admin"]},"TEST-all.xml":{"launchAppName":null,"tags":["junit"]},"devicelog.log":{"launchAppName":null,"tags":["logs","device_log"]},"record-090be9c20c79f324-1551908245.mp4":{"launchAppName":null,"tags":["android","video"]},"performance.json":{"launchAppName":null,"tags":["performance"]},"com.example.android.apis.test.Test.testRecorded_scr_1.png":{"launchAppName":null,"tags":["screenshot"]}}