[{"timestamp":1551908239757,"cpuUsage":0,"packageName":"com.testdroid.cloud.test","memUsage":0},{"timestamp":1551908241033,"cpuUsage":0,"packageName":"com.testdroid.cloud.test","memUsage":0},{"timestamp":1551908242210,"cpuUsage":0,"packageName":"com.testdroid.cloud.test","memUsage":0},{"timestamp":1551908243402,"cpuUsage":0,"packageName":"com.testdroid.cloud.test","memUsage":0},{"timestamp":1551908244542,"cpuUsage":0,"packageName":"com.testdroid.cloud.test","memUsage":0},{"timestamp":1551908245693,"cpuUsage":0,"packageName":"com.testdroid.cloud.test","memUsage":0},{"timestamp":1551908246892,"cpuUsage":0,"packageName":"com.testdroid.cloud.test","memUsage":0},{"timestamp":1551908248093,"cpuUsage":0,"packageName":"com.testdroid.cloud.test","memUsage":55312384},{"timestamp":1551908249311,"cpuUsage":0.02,"packageName":"com.testdroid.cloud.test","memUsage":55599104},{"timestamp":1551908250559,"cpuUsage":0.02,"packageName":"com.testdroid.cloud.test","memUsage":56164352},{"timestamp":1551908251802,"cpuUsage":0.04,"packageName":"com.testdroid.cloud.test","memUsage":58388480},{"timestamp":1551908252999,"cpuUsage":0.17,"packageName":"com.testdroid.cloud.test","memUsage":66813952},{"timestamp":1551908254194,"cpuUsage":0.01,"packageName":"com.testdroid.cloud.test","memUsage":65617920},{"timestamp":1551908255363,"cpuUsage":0,"packageName":"com.testdroid.cloud.test","memUsage":0}]